id_producto,id_pedido,cantidad
4,1,8
8,2,9
11,2,9
13,2,3
12,2,4
4,3,5
6,3,1
15,4,2
13,4,6
11,5,4
13,5,4
7,5,10
4,6,2
5,6,4
12,7,5
8,7,8
9,7,8
3,7,2
12,8,5
6,9,10
5,10,3
4,10,10
1,10,10
6,10,6
8,11,4
1,11,9
9,11,9
7,11,5
8,12,3
3,13,4
15,13,9
2,14,9
10,14,1
15,14,2
1,14,7
9,15,5
4,15,8
2,15,8
9,16,3
6,17,6
9,17,5
11,17,10
12,17,3
10,17,6
10,18,7
12,18,10
5,19,2
2,19,9
3,19,6
13,19,1
15,20,7
13,20,9
5,20,5
10,20,7
1,20,6
3,21,1
13,21,3
7,21,5
5,21,7
1,21,4
11,22,4
11,23,1
8,23,4
2,24,7
8,25,5
15,25,3
15,26,10
9,26,4
2,27,3
5,27,6
14,27,9
1,27,6
6,28,9
5,28,4
12,28,2
2,29,7
1,29,2
12,29,7
6,29,3
5,29,7
4,30,5
13,31,1
3,31,10
2,31,4
8,31,4
4,32,6
14,32,9
7,32,1
10,33,5
9,33,2
6,33,1
7,34,10
15,34,7
5,34,4
5,35,5
9,35,1
3,35,8
2,35,10
3,36,6
2,36,5
1,36,2
4,36,8
14,36,9
4,37,1
3,37,6
8,38,7
15,38,7
3,38,2
13,38,10
10,38,1
9,39,3
11,39,4
3,39,4
5,40,7
12,40,3
7,40,5
2,41,4
3,42,5
5,42,7
1,42,6
2,42,8
1,43,10
5,43,4
2,43,8
13,43,4
15,44,6
5,44,5
2,44,10
6,44,10
4,44,8
10,45,7
3,45,3
6,45,7
14,45,7
12,45,5
10,46,7
12,46,4
3,46,9
11,46,2
12,47,1
15,47,4
9,47,7
15,48,5
11,48,5
2,48,5
8,48,4
10,48,4
13,49,10
3,50,2
9,50,5
11,50,6
8,50,3
2,51,8
8,51,6
7,51,8
7,52,7
5,52,1
1,52,4
2,52,6
12,53,1
3,54,1
4,54,8
2,54,8
11,54,2
14,54,9
6,55,1
8,55,3
2,55,4
1,55,1
14,56,4
1,57,9
12,57,1
14,58,2
12,59,9
15,60,3
4,60,1
4,61,9
3,61,3
2,61,5
10,61,4
7,61,3
14,62,2
15,62,5
6,62,4
2,62,2
13,63,5
12,63,2
2,64,6
7,64,10
14,64,8
2,65,10
7,65,4
14,65,10
2,66,10
2,67,3
5,67,7
14,68,9
10,68,9
6,68,10
11,68,7
1,68,9
7,69,4
10,69,3
3,69,3
2,69,3
4,69,10
4,70,7
7,70,8
11,70,9
6,71,8
5,71,1
12,71,1
1,72,6
2,72,9
11,72,10
7,72,9
6,72,5
15,73,9
6,73,2
2,73,10
7,73,6
3,74,6
15,74,7
7,74,1
6,74,8
7,75,2
13,75,5
9,75,2
4,75,3
9,76,4
15,76,8
5,76,8
12,77,9
1,78,5
6,78,7
11,78,5
5,79,2
12,79,2
9,79,6
11,79,4
2,80,1
14,80,3
4,80,9
12,80,4
10,81,6
11,82,8
8,82,3
4,83,2
5,84,2
1,84,5
3,85,5
11,85,2
1,86,8
15,86,3
9,86,1
12,86,4
5,86,5
14,87,10
11,87,3
5,87,7
9,87,5
7,87,5
1,88,5
15,88,9
4,88,2
10,88,4
15,89,10
14,89,5
4,89,1
1,89,1
8,90,10
10,91,7
1,91,10
6,91,9
10,92,7
2,92,4
8,93,7
11,94,8
2,94,1
7,94,7
10,94,8
13,95,5
3,95,2
10,95,8
15,95,3
9,95,3
14,96,2
8,96,4
15,96,4
9,96,7
12,97,1
4,97,9
13,97,5
11,97,6
3,97,1
12,98,3
6,98,5
14,98,3
8,98,4
10,98,5
11,99,3
12,100,3
5,100,2
7,100,4
10,100,4
1,100,8
12,101,3
14,101,3
7,101,8
9,101,1
11,101,2
2,102,2
10,102,9
11,102,8
4,102,6
7,102,2
6,103,4
11,103,2
13,104,9
8,104,5
5,104,7
5,105,8
2,105,2
11,106,9
13,106,8
3,106,7
5,107,6
13,108,4
13,109,1
15,109,9
7,109,9
12,109,7
2,110,4
4,111,10
11,112,8
4,112,7
10,112,8
5,112,6
8,113,7
4,113,6
9,113,1
2,113,7
11,113,3
9,114,6
15,115,6
9,115,9
15,116,8
4,116,5
2,116,8
11,117,9
15,117,5
3,117,3
2,117,5
1,117,2
2,118,8
9,118,7
1,119,4
5,119,4
5,120,5
9,120,3
3,120,7
12,120,10
8,120,6
8,121,8
5,121,1
11,121,5
15,122,10
5,122,1
1,122,6
6,122,3
10,122,8
14,123,10
12,123,1
13,124,2
8,125,5
11,125,4
13,125,10
14,126,5
4,127,1
13,127,9
8,127,2
14,127,9
3,127,3
4,128,6
6,128,10
11,128,10
15,129,8
8,129,9
12,130,2
2,130,9
1,130,6
10,130,9
6,130,3
7,131,3
14,132,7
9,132,8
8,132,2
12,132,9
2,133,7
9,133,7
5,134,1
6,134,9
2,134,3
11,135,10
7,135,3
3,135,9
14,135,9
4,135,6
12,136,3
8,137,3
6,137,4
4,138,9
2,138,8
11,138,7
12,138,8
3,139,9
2,139,5
5,139,8
6,140,10
8,140,1
7,140,1
1,140,9
9,140,1
8,141,3
5,141,4
6,142,9
4,142,10
3,142,9
2,143,5
3,143,5
10,143,2
4,143,8
13,144,10
12,144,9
9,144,3
5,144,3
9,145,8
4,146,6
14,146,8
3,146,8
7,147,4
14,147,9
10,147,10
5,147,3
2,147,3
6,148,6
8,148,3
12,148,7
3,149,9
4,149,4
1,150,10
4,151,10
10,151,2
7,151,3
14,151,8
8,152,9
11,152,5
3,152,9
7,152,7
14,153,1
2,153,2
5,154,7
3,155,6
4,155,10
12,155,6
14,155,6
15,156,3
12,156,9
5,156,2
2,157,7
7,157,10
1,157,4
4,157,10
2,158,3
10,158,9
5,159,6
12,159,1
15,160,6
2,160,1
4,160,3
8,160,1
1,161,4
14,161,4
6,161,3
12,161,6
8,161,9
1,162,2
15,162,8
2,162,4
4,162,2
12,163,10
14,164,4
5,164,10
1,164,2
1,165,4
10,166,10
6,166,3
4,167,1
13,167,7
1,167,9
10,167,10
8,168,3
15,169,9
4,169,8
3,169,9
7,169,2
6,170,1
8,170,10
8,171,8
14,171,2
11,171,6
3,171,9
8,172,6
11,172,6
3,172,6
1,173,4
14,173,6
7,174,2
6,175,10
13,175,9
14,175,8
15,176,9
1,176,2
3,177,9
5,178,7
1,178,2
6,178,10
9,178,6
8,179,1
3,179,1
10,179,9
5,179,3
1,179,10
7,180,10
15,180,8
14,180,9
12,181,9
13,182,4
3,182,7
6,182,3
11,182,3
3,183,7
9,183,10
12,183,1
2,183,8
3,184,1
12,185,10
1,185,10
13,185,5
9,185,9
6,185,7
13,186,8
5,186,9
3,187,7
5,188,10
9,188,10
7,188,9
14,188,4
4,188,10
4,189,5
4,190,8
1,190,3
4,191,4
3,192,1
13,193,2
2,193,4
3,193,4
11,193,7
8,194,3
9,194,2
12,194,10
13,194,2
11,195,1
5,195,7
3,195,1
4,196,4
8,196,8
5,196,10
9,196,2
14,196,10
4,197,9
6,197,7
10,198,7
4,198,7
9,198,10
7,198,6
15,198,5
10,199,5
2,199,5
4,200,8
6,200,3
3,200,6
1,200,10
9,201,6
10,201,9
7,201,2
11,202,8
10,202,10
13,202,8
3,202,1
4,202,4
6,203,1
12,203,10
11,203,5
1,203,6
7,204,9
4,204,8
13,204,7
6,205,1
1,205,2
5,205,10
14,205,7
6,206,4
4,206,10
5,206,5
11,207,2
7,207,5
3,207,5
5,207,8
14,207,10
14,208,7
11,208,1
1,208,8
13,208,7
4,209,3
14,209,6
1,209,2
9,209,8
3,210,1
8,210,3
12,210,9
2,211,8
12,211,8
4,212,2
13,212,5
2,213,2
8,213,2
13,214,8
8,214,3
1,215,10
11,215,6
7,215,7
9,215,3
8,215,4
9,216,5
4,216,5
8,216,10
7,217,4
6,217,1
8,217,4
13,217,4
9,217,6
13,218,3
5,219,1
3,219,5
6,220,7
10,220,8
11,220,6
14,221,7
4,221,6
5,221,3
7,221,3
14,222,9
7,222,2
10,222,1
13,222,3
11,222,1
6,223,3
3,223,6
15,223,1
11,223,10
13,223,5
6,224,9
15,224,5
10,224,5
3,224,3
8,224,3
13,225,1
8,225,9
7,225,1
14,226,6
3,226,5
13,226,10
5,226,5
2,226,10
8,227,6
7,228,3
9,228,4
9,229,3
14,229,5
5,230,6
1,230,4
10,230,6
3,230,3
2,231,2
14,231,3
3,231,10
9,231,3
4,231,6
2,232,1
11,232,4
7,232,5
14,233,7
4,233,9
5,233,4
13,234,4
2,234,4
9,235,4
13,235,7
11,235,6
10,236,6
5,236,10
9,236,5
10,237,6
6,237,1
11,237,4
14,237,9
7,237,5
5,238,5
10,238,8
9,238,8
8,238,4
13,238,5
6,239,6
3,239,2
15,239,9
7,239,8
4,240,3
8,240,4
6,241,6
8,241,1
8,242,9
4,242,10
9,243,10
7,244,4
4,245,3
6,245,9
2,245,4
8,246,4
10,246,2
12,246,10
11,246,1
4,246,6
13,247,4
7,247,2
9,247,10
4,247,6
2,247,9
2,248,2
15,249,4
3,249,1
11,249,3
1,250,5
10,250,4
14,250,8
7,250,1
8,251,5
13,251,3
4,251,4
15,251,9
12,251,7
8,252,10
4,253,3
2,253,9
12,253,3
6,253,7
15,253,5
9,254,6
3,254,2
6,254,9
2,254,10
2,255,8
13,255,6
15,255,7
14,256,3
8,256,4
9,256,1
11,257,6
12,257,5
11,258,9
7,258,8
3,258,1
14,258,10
7,259,7
3,259,6
10,259,8
11,259,1
1,260,4
13,260,4
6,260,3
8,261,10
12,261,2
13,261,7
7,261,5
10,262,4
5,262,1
9,262,10
2,262,9
3,263,7
5,264,7
2,264,3
6,264,9
7,264,9
13,265,6
8,265,6
7,265,6
4,266,5
1,266,7
11,266,6
5,266,6
9,266,1
6,267,5
12,267,7
1,267,4
5,267,9
10,268,3
1,269,5
7,270,4
11,270,3
1,270,4
10,270,5
8,270,4
11,271,4
9,271,9
3,271,8
9,272,8
2,272,3
14,273,2
12,273,10
8,273,8
9,273,8
8,274,6
12,274,5
7,274,1
10,274,9
11,275,9
12,275,9
2,276,9
5,276,2
1,277,3
6,277,7
5,278,9
14,278,6
14,279,10
10,280,1
4,281,7
6,281,1
11,281,3
12,281,1
9,281,7
7,282,6
1,283,1
5,284,1
14,284,5
12,284,9
8,284,3
12,285,8
11,285,2
9,285,7
8,285,8
14,285,3
13,286,7
14,286,10
11,286,8
10,287,9
13,287,8
6,288,7
15,288,6
12,288,3
14,288,4
1,288,5
7,289,5
6,289,1
15,290,10
8,290,2
2,291,10
14,291,6
13,291,7
4,291,7
11,291,8
13,292,10
5,292,5
6,293,2
2,293,2
11,293,8
6,294,9
13,295,10
11,295,6
12,296,8
6,297,9
1,297,8
3,297,4
9,297,6
7,298,3
1,298,6
14,298,4
4,298,5
9,298,2
2,299,3
4,299,8
14,299,3
12,299,10
14,300,10
4,300,6
1,300,6
11,301,1
7,301,3
3,301,3
6,301,7
8,301,4
10,302,6
15,302,9
9,303,9
14,304,6
12,305,6
7,305,9
1,305,7
15,305,6
14,305,3
10,306,5
15,306,3
14,306,7
3,307,1
10,307,7
5,307,9
4,308,1
5,308,8
3,308,8
5,309,10
4,309,6
6,310,9
5,310,9
11,311,1
3,311,1
6,311,10
15,311,9
9,312,8
2,312,2
15,312,6
1,312,7
4,312,9
15,313,10
13,313,9
5,313,5
5,314,5
12,314,8
13,315,10
10,315,3
14,316,8
13,316,5
5,317,7
7,317,6
8,317,2
1,317,1
7,318,4
6,318,5
10,319,2
2,319,7
7,319,5
12,319,7
4,320,5
8,320,4
8,321,8
7,321,4
14,321,1
12,322,1
4,322,7
10,322,1
8,322,5
1,322,5
6,323,7
4,323,9
12,323,3
13,323,7
3,323,10
9,324,1
5,325,10
1,325,7
6,325,10
7,326,7
4,326,6
13,327,3
9,328,6
3,328,4
4,328,3
8,329,9
11,329,9
12,329,2
7,329,1
1,330,10
15,330,7
4,330,6
5,331,10
1,332,2
5,332,10
6,332,7
13,332,9
4,332,8
3,333,9
15,333,3
13,333,8
1,333,2
4,334,4
7,334,2
14,335,1
10,335,1
6,335,7
2,335,9
9,335,2
9,336,2
1,336,4
9,337,10
2,337,1
7,338,6
9,338,4
13,339,1
10,339,3
12,340,10
7,340,7
9,340,5
5,340,3
1,341,8
2,341,6
9,341,8
14,341,1
15,341,8
1,342,6
9,342,9
10,342,7
12,342,2
5,342,6
9,343,6
3,343,4
6,343,8
12,343,5
8,343,10
14,344,3
11,345,10
4,345,2
8,345,8
7,346,10
5,346,10
4,346,6
14,346,2
2,347,9
1,347,5
9,347,1
5,347,4
13,347,5
11,348,6
3,348,8
10,349,7
11,349,8
8,349,9
9,349,6
5,349,10
8,350,8
9,350,9
7,350,7
2,351,5
13,351,1
10,351,9
3,352,3
7,352,1
1,352,3
14,353,4
9,353,3
6,353,9
5,353,2
3,354,6
12,354,6
11,354,3
10,354,2
8,355,6
11,355,5
4,355,6
12,355,10
4,356,3
10,356,1
1,357,1
3,358,9
6,359,6
2,359,3
8,360,4
1,360,10
10,360,1
7,360,6
2,360,8
7,361,1
2,362,2
11,362,9
7,362,6
9,362,9
13,363,10
8,363,2
15,363,4
14,364,6
8,364,10
4,364,9
7,364,8
2,365,4
1,365,3
4,366,8
15,366,5
3,367,3
2,367,3
11,367,2
7,367,2
7,368,7
14,368,1
2,368,6
8,368,9
10,369,2
13,369,6
9,369,1
1,370,4
12,370,8
14,370,1
13,370,4
7,370,7
15,371,3
13,371,6
3,371,1
9,371,6
5,371,8
15,372,9
7,372,5
2,372,9
1,372,1
8,373,1
1,373,8
11,373,4
12,373,9
2,374,3
5,374,4
13,375,8
2,375,1
15,375,2
14,375,4
9,376,5
7,377,4
9,378,7
1,378,10
7,378,1
12,378,10
15,379,9
2,380,9
11,380,6
14,380,2
13,380,4
14,381,2
4,381,4
5,381,3
6,381,5
9,381,5
12,382,6
13,382,5
14,382,10
8,382,3
9,382,3
8,383,7
14,383,7
2,383,8
5,383,8
3,384,1
11,384,2
4,384,5
10,384,2
9,385,1
11,385,2
2,385,10
8,386,1
15,386,1
1,386,5
7,387,8
11,387,5
13,387,1
14,387,4
1,387,4
13,388,4
13,389,10
7,390,2
8,390,2
6,390,2
13,391,8
11,391,3
9,391,2
2,392,8
14,392,6
10,392,3
7,392,6
2,393,6
12,393,5
6,393,7
15,394,7
1,394,1
10,395,10
2,395,3
11,395,8
1,395,6
3,395,1
3,396,3
14,396,8
5,396,2
10,396,6
8,397,3
2,398,8
8,398,8
3,398,3
9,398,9
11,398,6
12,399,6
1,399,1
15,399,6
5,399,7
10,399,3
5,400,7
9,400,7
11,400,1
1,400,10
5,401,1
6,401,10
15,401,5
11,401,5
13,401,4
12,402,7
5,403,5
15,403,1
2,403,5
10,403,8
8,403,7
4,404,8
8,405,7
11,405,10
4,405,6
7,405,1
12,405,6
11,406,7
12,406,8
14,407,6
5,407,4
14,408,1
4,408,8
1,408,1
7,408,2
11,409,4
1,409,1
4,409,2
6,409,4
14,410,9
3,410,5
1,411,1
9,411,9
4,412,8
1,412,4
8,412,2
15,412,6
5,413,6
3,413,6
10,414,7
11,414,3
14,414,8
9,414,5
5,414,2
13,415,2
3,416,9
13,416,1
1,416,10
6,417,1
3,417,8
4,418,8
8,418,10
15,418,2
13,418,3
10,418,4
12,419,3
13,419,2
10,419,9
15,419,6
12,420,7
13,420,7
12,421,2
13,422,3
4,422,5
10,422,2
14,423,6
10,423,2
12,423,7
9,423,8
1,424,3
12,424,6
5,425,6
11,425,3
10,425,9
2,426,2
14,426,10
13,426,7
7,426,5
12,426,1
15,427,10
11,427,2
13,427,5
6,428,2
13,428,5
3,428,7
15,428,6
11,428,4
9,429,3
4,430,6
10,430,4
5,430,7
6,430,5
11,431,4
6,432,6
7,432,1
12,432,9
11,433,9
5,434,8
14,434,6
12,434,6
5,435,3
11,436,10
3,436,6
15,436,1
13,436,8
10,436,1
13,437,8
2,437,1
15,437,3
11,437,7
10,437,4
11,438,9
14,438,7
5,439,2
4,440,5
15,440,5
10,440,4
11,440,9
14,441,9
11,442,5
1,442,3
1,443,7
2,443,10
1,444,5
15,444,10
3,444,2
2,445,2
14,446,8
7,446,9
6,446,9
2,447,1
3,447,9
4,447,9
1,448,10
11,449,5
15,449,2
9,449,1
5,449,3
10,450,8
9,450,2
14,451,4
1,451,8
4,451,10
6,452,3
5,453,10
6,453,6
1,453,8
14,454,9
3,454,1
6,454,7
1,454,2
2,455,2
10,456,8
5,456,6
8,456,8
15,456,1
14,456,8
4,457,7
14,457,8
11,458,2
14,458,1
7,458,1
11,459,4
5,459,4
4,459,7
2,459,5
4,460,2
1,460,5
8,461,4
6,461,10
15,462,4
1,462,5
13,462,6
5,462,8
7,463,9
1,463,9
6,463,3
4,463,9
3,463,7
5,464,3
7,465,5
14,465,3
7,466,6
2,466,1
3,467,5
11,468,5
9,468,1
6,468,6
3,468,1
15,469,3
6,469,2
10,469,3
8,470,2
15,471,9
2,472,2
8,472,1
13,472,1
13,473,9
10,473,9
3,473,6
1,474,1
3,475,7
7,475,3
7,476,6
11,476,6
13,477,6
14,477,7
11,477,6
2,477,6
7,477,10
9,478,9
6,478,1
13,478,9
10,478,6
9,479,2
14,479,5
7,479,9
6,479,8
2,480,3
11,480,1
8,480,6
12,480,2
6,481,5
8,481,1
3,481,5
1,481,10
1,482,3
7,482,1
3,482,1
6,482,8
15,482,5
6,483,5
11,483,4
12,484,6
13,484,6
10,484,4
5,484,8
5,485,5
4,485,9
7,486,1
10,486,8
3,487,7
7,487,4
12,488,7
7,488,2
1,488,3
9,489,7
11,489,9
15,489,1
3,489,9
1,489,6
3,490,9
7,490,1
15,490,8
15,491,2
3,491,6
6,491,1
9,491,6
8,492,8
10,492,2
9,492,9
12,492,9
11,492,10
9,493,7
11,493,4
14,493,9
15,493,5
13,493,7
10,494,3
7,494,7
2,494,1
2,495,6
12,496,2
6,496,3
2,496,7
10,496,8
5,496,8
3,497,7
1,497,3
2,497,8
13,497,5
4,498,6
8,498,4
3,498,10
11,498,6
14,498,5
2,499,2
5,499,10
13,499,1
10,499,7
1,499,5
5,500,1
12,500,9
14,500,3
6,500,5
14,501,6
1,501,8
11,501,5
6,501,1
13,502,8
9,502,7
13,503,10
11,503,10
1,503,10
14,503,2
9,503,2
9,504,3
13,504,6
11,504,7
14,504,2
2,504,4
3,505,4
13,505,9
11,505,1
7,505,10
10,506,7
11,506,5
15,506,8
8,506,6
5,506,9
8,507,1
2,507,5
14,507,6
9,508,10
14,508,8
13,508,6
6,508,10
1,508,5
2,509,7
14,509,6
10,509,9
4,509,8
3,509,2
6,510,8
2,510,6
13,511,8
3,511,1
10,511,4
2,511,10
12,512,3
5,512,1
4,512,10
7,512,7
5,513,5
10,513,7
13,513,10
3,513,5
1,514,10
7,514,2
13,514,2
3,514,1
15,515,9
2,515,7
6,516,8
15,516,9
11,516,7
7,516,3
2,516,6
9,517,9
6,517,1
1,518,1
4,518,1
8,519,2
3,519,5
7,519,9
2,519,2
2,520,6
3,520,9
4,520,6
2,521,7
1,521,9
12,521,3
15,522,7
7,522,2
11,522,6
1,522,10
10,523,3
9,523,6
3,523,3
5,523,3
13,523,8
3,524,4
14,524,8
13,524,7
8,524,8
14,525,5
7,525,9
4,526,3
9,526,6
7,526,6
15,526,8
9,527,5
12,527,4
8,528,3
5,528,2
14,528,7
11,529,5
15,529,7
8,529,9
5,529,3
2,530,3
10,531,5
14,532,7
5,532,3
7,533,6
15,533,4
9,534,2
13,534,2
7,535,4
8,535,8
1,536,7
14,536,6
11,537,5
1,537,5
12,538,5
15,539,2
14,539,5
12,539,10
4,539,5
8,540,7
7,540,3
15,540,10
6,540,3
13,540,6
10,541,7
2,542,5
7,542,2
8,542,2
13,542,5
8,543,6
6,543,2
9,544,6
5,544,1
7,544,5
2,544,6
13,544,7
8,545,8
2,545,6
9,546,3
11,546,4
1,546,3
1,547,6
7,547,5
2,547,7
11,547,4
8,547,10
13,548,3
12,548,7
11,548,3
7,548,1
11,549,4
14,549,1
5,549,3
12,549,4
3,550,6
13,551,7
5,551,5
4,551,4
8,551,3
9,551,8
2,552,4
1,552,6
13,552,1
5,552,9
14,552,7
12,553,6
4,554,1
2,555,1
8,556,6
4,556,5
5,557,5
7,557,1
12,557,6
3,558,5
11,558,10
8,559,1
10,559,1
2,559,3
4,559,1
9,559,6
5,560,5
8,560,1
15,560,4
15,561,5
3,561,10
6,561,3
4,561,1
7,561,3
15,562,5
12,562,3
5,563,9
15,563,5
6,564,9
14,565,6
13,565,6
5,566,6
14,566,8
15,566,6
13,567,9
7,567,9
9,567,6
14,567,8
12,567,7
3,568,1
6,568,7
12,568,6
2,569,10
8,570,6
9,570,7
14,570,10
13,571,3
10,571,10
11,571,9
6,572,1
2,572,5
14,573,7
7,573,9
13,573,3
13,574,5
3,575,6
6,575,5
7,575,10
11,576,6
8,576,1
3,576,1
13,576,2
6,576,5
7,577,7
3,577,10
14,577,2
1,578,8
2,579,2
3,579,7
11,579,3
7,579,2
5,580,1
4,580,7
11,580,10
14,580,5
9,581,10
11,582,10
5,582,6
8,582,6
7,582,1
4,582,10
9,583,3
8,583,9
2,583,1
15,583,5
6,584,2
8,585,2
2,585,3
6,585,8
14,585,4
9,585,8
11,586,1
1,586,8
8,586,2
4,587,9
12,587,6
15,587,8
7,587,4
6,587,7
1,588,5
10,588,9
8,588,4
7,588,9
6,588,7
9,589,5
15,589,1
2,589,10
5,589,10
8,590,2
10,591,7
14,591,10
1,591,3
11,592,4
1,592,7
9,593,9
12,593,8
5,593,6
14,593,4
8,594,4
7,595,5
13,595,8
1,595,3
6,596,2
1,597,3
2,597,2
6,597,9
8,598,7
10,598,5
7,598,3
5,599,5
11,600,3
4,600,2
13,600,6
6,600,4
3,601,9
4,602,1
9,602,9
6,603,7
13,604,10
8,604,10
8,605,8
1,605,3
15,606,10
3,606,9
5,607,6
9,607,3
1,607,1
15,607,2
14,608,8
12,608,7
11,609,6
2,609,8
12,609,3
3,609,7
2,610,6
11,610,4
6,610,8
8,611,4
13,611,5
4,612,9
9,612,6
1,613,5
12,613,4
6,614,9
9,614,8
10,614,1
14,614,3
8,614,10
13,615,4
3,615,6
12,615,10
8,615,8
13,616,9
10,616,1
12,617,2
10,617,9
14,618,9
5,618,9
6,618,2
13,618,5
6,619,4
15,619,8
14,619,3
3,619,9
5,619,1
1,620,7
4,621,9
13,621,1
9,622,2
12,622,9
8,622,8
4,623,8
8,623,8
2,623,6
10,624,10
9,625,8
1,625,1
4,625,8
5,625,5
8,625,5
12,626,1
4,626,4
15,627,1
12,627,8
6,627,3
10,627,10
4,627,1
11,628,6
3,628,10
11,629,1
3,629,7
4,629,2
2,629,3
9,629,5
1,630,3
13,630,8
9,630,8
11,630,9
15,630,2
15,631,10
12,631,8
14,631,1
1,632,5
5,633,7
12,633,10
1,633,8
4,633,6
3,633,8
12,634,6
8,635,6
12,635,5
4,636,3
10,636,4
7,637,4
5,637,7
12,637,3
2,637,2
5,638,8
2,638,7
15,638,3
7,639,6
3,639,7
5,639,10
11,639,10
14,639,3
8,640,3
3,640,4
10,641,3
3,641,4
5,642,5
4,642,10
2,642,9
7,643,1
3,643,10
13,643,5
6,644,5
9,644,4
5,644,1
2,645,4
12,646,5
11,646,3
11,647,1
9,647,9
15,647,5
8,647,3
7,647,3
10,648,9
13,648,2
12,648,8
4,648,6
2,649,9
6,649,7
11,650,2
2,651,5
13,651,4
13,652,10
13,653,1
7,653,10
13,654,1
9,654,6
9,655,4
11,655,7
9,656,4
7,657,6
1,657,7
14,657,6
9,658,10
2,659,10
13,659,3
1,659,6
6,659,9
9,659,4
2,660,9
3,660,2
3,661,5
5,661,8
15,661,7
11,661,7
14,662,3
15,662,8
10,662,1
11,662,10
2,663,2
5,663,3
9,663,1
15,664,3
11,665,9
2,666,2
8,667,7
2,667,7
1,667,7
13,668,1
14,669,7
11,669,2
6,669,8
13,669,4
15,669,9
6,670,6
14,670,1
10,670,7
8,670,7
15,670,4
15,671,8
7,671,6
1,671,6
12,671,4
8,671,6
9,672,5
6,672,5
2,672,1
1,672,5
1,673,3
12,673,1
14,673,9
7,673,4
10,674,1
12,674,8
15,675,5
8,675,3
10,675,2
2,675,5
9,676,9
1,676,1
4,676,1
11,677,6
9,677,5
13,677,4
15,678,3
3,678,9
1,679,1
4,680,8
9,681,10
4,681,5
10,681,4
7,682,3
12,682,3
4,682,1
10,683,7
11,683,5
3,683,3
4,683,9
12,684,10
10,685,1
11,686,7
12,686,6
6,687,7
13,687,2
7,687,3
12,687,5
1,687,4
9,688,2
1,688,2
5,688,6
12,689,7
3,689,6
15,689,3
5,689,4
8,689,2
2,690,7
15,690,1
13,690,3
8,690,9
7,690,5
9,691,10
3,691,1
1,691,6
2,691,1
15,691,7
1,692,3
7,692,8
5,692,10
9,692,1
7,693,10
9,693,3
3,693,10
14,693,3
5,693,2
1,694,1
12,695,5
5,695,5
14,695,9
10,696,6
3,696,2
13,697,9
4,697,3
5,698,8
14,698,5
8,698,6
15,698,8
5,699,7
3,699,4
8,700,9
9,700,8
13,700,2
1,701,7
11,701,5
13,701,1
6,701,7
4,702,9
10,702,7
12,702,10
6,702,4
6,703,8
8,703,2
14,703,3
2,703,7
11,703,2
8,704,10
12,704,5
9,705,2
7,705,5
4,705,2
1,705,6
12,706,7
5,706,9
11,706,1
14,706,6
15,706,1
2,707,4
11,707,4
3,707,7
13,708,5
14,709,1
14,710,4
2,710,5
4,710,1
1,710,10
3,710,10
1,711,8
9,711,1
2,711,6
10,712,6
14,713,4
13,714,8
3,714,4
5,714,6
2,714,5
4,714,8
2,715,9
14,715,4
13,716,7
3,716,5
9,716,9
10,716,1
10,717,9
9,717,5
15,717,3
7,718,5
2,718,10
1,719,10
9,719,6
7,720,1
1,720,9
14,721,8
10,721,10
10,722,9
2,722,1
11,722,10
9,722,8
6,722,10
7,723,2
14,723,7
13,723,1
3,724,7
11,724,2
13,724,9
7,724,6
5,724,7
12,725,6
2,725,7
6,725,7
8,725,8
6,726,7
14,727,1
15,727,4
2,727,9
12,727,3
7,728,1
4,728,7
11,729,10
13,729,8
10,730,2
7,731,9
14,731,1
12,731,8
1,731,7
4,732,5
14,733,4
7,734,2
10,734,9
14,734,8
9,734,9
13,735,3
5,736,1
4,736,9
9,736,1
11,736,4
7,737,3
9,737,4
10,737,3
11,737,10
14,738,2
6,738,4
11,738,9
9,739,2
6,739,10
4,739,3
15,739,8
12,740,4
10,741,2
8,741,6
9,742,10
4,743,2
7,743,7
14,743,10
8,743,5
6,744,3
1,744,9
12,744,6
5,744,3
13,744,8
15,745,5
4,745,2
11,745,5
12,745,3
3,745,5
9,746,5
12,746,8
11,746,2
1,746,5
3,746,10
11,747,3
14,747,3
4,747,9
9,747,4
8,748,6
10,748,3
4,748,7
6,748,2
12,749,3
9,749,6
1,749,8
8,749,4
8,750,6
13,750,9
1,750,2
9,750,7
7,750,8
7,751,7
4,751,9
6,751,10
10,752,3
4,752,6
15,752,2
13,752,4
14,752,5
12,753,8
9,753,9
8,754,7
6,754,9
5,754,3
4,755,1
8,755,10
10,756,10
1,757,2
10,757,6
14,758,5
4,758,10
1,758,8
8,759,10
14,759,1
5,759,6
12,759,5
5,760,9
15,760,6
7,760,5
7,761,7
4,761,9
6,761,7
13,761,6
15,762,5
14,762,9
15,763,3
9,764,2
15,765,5
12,765,7
3,765,4
2,765,1
10,765,8
12,766,7
5,766,8
3,766,10
2,766,9
11,766,8
3,767,2
15,767,8
9,767,8
12,767,8
14,767,7
12,768,10
15,768,2
1,768,2
7,769,10
2,770,1
1,771,9
15,771,10
2,771,9
13,771,7
10,771,10
3,772,1
15,772,7
8,772,1
2,772,6
2,773,2
13,773,10
8,774,7
9,774,3
1,775,2
15,775,8
2,775,2
12,775,8
3,775,9
4,776,5
12,776,5
7,777,2
12,777,9
5,778,8
9,778,10
3,778,10
8,778,9
14,778,5
7,779,7
12,779,8
15,780,7
3,780,10
7,780,6
11,781,6
1,781,7
2,781,2
12,781,8
9,782,10
14,782,8
12,782,7
7,783,3
14,783,4
6,783,9
3,783,1
14,784,1
5,784,10
10,784,7
6,784,4
6,785,8
1,785,1
9,786,8
8,786,8
15,786,7
12,786,10
6,787,9
10,787,9
5,787,8
12,787,4
13,787,1
13,788,10
7,788,9
3,789,7
6,790,9
5,790,7
1,790,3
11,791,7
12,791,1
2,791,6
12,792,1
13,792,5
5,792,6
1,792,10
9,792,7
10,793,10
6,793,9
14,793,10
7,794,3
14,794,3
12,794,8
5,794,1
8,794,7
9,795,4
5,795,7
4,795,7
14,795,3
7,796,4
4,796,10
2,796,2
12,796,8
12,797,4
10,797,6
4,797,7
3,797,6
9,798,1
1,798,9
9,799,10
7,799,10
5,799,10
2,799,1
3,800,5
7,800,1
1,800,7
8,800,10
13,800,10
11,801,8
6,801,4
13,801,6
1,801,7
14,801,9
4,802,7
7,802,7
12,803,6
2,803,6
5,803,9
7,804,5
1,804,3
10,804,3
15,804,8
2,804,5
3,805,8
10,805,1
10,806,9
5,806,6
11,806,2
3,806,5
5,807,9
1,807,5
9,807,4
7,807,4
15,807,2
1,808,3
11,808,3
14,808,6
6,809,10
4,809,1
1,809,2
5,809,3
6,810,8
5,811,9
9,811,5
15,811,7
13,811,4
2,811,7
3,812,2
4,812,2
14,813,3
1,813,6
7,814,8
11,814,9
10,814,1
8,815,1
3,815,2
15,815,9
2,816,10
15,816,7
14,816,3
9,817,5
15,817,4
12,818,5
4,818,8
14,818,8
5,818,5
5,819,7
9,820,5
11,820,2
14,820,9
1,820,6
5,820,8
8,821,4
15,821,6
6,821,4
1,822,7
13,822,5
2,822,1
2,823,3
15,823,8
3,823,1
9,823,8
9,824,8
15,825,3
14,825,1
9,825,5
14,826,4
12,826,3
10,826,2
2,826,4
14,827,7
3,827,8
7,827,8
12,827,5
11,827,8
6,828,9
5,828,7
1,829,10
14,830,9
15,831,5
7,831,5
12,831,10
4,832,9
6,833,2
14,833,1
10,834,6
1,834,1
13,835,8
5,835,5
6,835,2
15,835,6
8,835,7
1,836,3
8,836,1
14,836,9
14,837,10
11,838,4
6,838,6
10,838,3
15,838,5
1,838,2
10,839,8
1,839,3
9,840,5
7,840,9
5,841,5
1,841,8
11,841,8
14,841,7
2,841,9
8,842,7
5,842,2
8,843,3
10,843,7
14,843,3
3,843,3
11,843,2
12,844,4
10,844,2
1,844,8
13,844,9
8,845,7
5,845,4
6,845,1
11,846,9
5,846,7
15,846,2
11,847,4
10,847,7
2,847,8
10,848,2
12,848,10
13,848,6
5,849,8
3,849,8
4,849,9
13,849,10
9,850,6
15,850,6
4,851,1
6,852,2
15,853,3
14,854,4
4,854,4
1,854,9
3,855,9
15,855,10
14,856,7
1,857,10
11,857,1
15,857,6
14,857,5
8,857,4
2,858,10
5,858,7
12,858,3
11,858,7
6,859,7
4,859,5
1,859,4
4,860,8
15,860,2
8,860,8
11,860,4
1,860,3
15,861,2
13,861,2
11,861,2
5,861,2
4,861,7
11,862,6
6,862,10
13,862,9
10,863,3
2,863,2
7,864,5
8,864,7
1,864,6
14,865,1
10,866,8
11,867,9
5,867,9
1,867,7
10,868,3
12,868,4
4,868,1
13,869,10
5,870,3
10,870,3
6,870,8
11,870,7
5,871,2
10,871,9
3,872,8
14,873,7
2,873,1
9,873,6
3,873,9
7,873,7
4,874,4
6,874,7
3,874,2
10,874,3
9,875,1
6,875,8
14,875,8
3,875,8
11,875,7
1,876,2
6,876,8
9,876,1
2,876,6
3,876,2
10,877,5
12,877,6
3,877,9
11,877,8
5,877,5
8,878,10
15,878,7
4,878,8
14,878,8
9,878,5
6,879,6
8,879,8
12,879,2
6,880,2
15,880,10
14,881,3
6,881,3
6,882,7
12,882,8
4,883,4
13,884,3
11,885,10
6,885,1
2,885,2
12,885,9
1,885,2
10,886,1
9,886,6
7,886,1
1,886,5
14,886,8
13,887,2
1,887,6
5,888,6
15,888,10
14,889,10
5,889,9
1,889,3
2,890,6
10,890,10
6,890,10
12,891,10
13,891,10
4,892,10
13,893,10
11,893,6
10,893,5
15,893,8
8,894,8
1,894,4
11,895,9
6,895,4
15,895,3
7,896,7
8,896,10
10,896,2
12,896,10
3,896,9
8,897,4
3,897,1
14,897,6
9,897,8
2,898,6
4,899,3
14,899,10
8,900,6
3,900,10
2,900,3
7,901,6
4,901,8
3,902,2
1,902,6
9,902,6
13,902,2
6,902,5
2,903,4
10,903,4
15,903,4
1,904,6
5,904,8
15,905,8
5,906,4
7,906,2
4,906,1
2,906,5
12,907,7
1,908,10
11,909,3
14,909,8
7,909,7
4,909,7
10,910,8
7,910,8
12,910,4
15,910,10
1,910,7
11,911,8
15,911,3
3,912,5
9,912,2
12,913,7
2,914,4
4,914,5
14,914,6
15,914,1
12,915,3
13,915,3
1,915,3
12,916,10
9,916,8
7,916,3
10,916,8
12,917,9
8,917,3
7,917,2
13,918,1
5,918,4
9,919,7
10,920,4
7,921,1
1,922,6
15,922,1
10,922,10
13,922,1
9,922,8
2,923,8
8,924,2
6,924,10
2,924,3
11,924,4
9,924,4
11,925,10
1,925,7
12,925,4
7,926,6
15,926,2
11,926,9
14,926,7
7,927,5
6,927,10
15,927,4
12,927,10
9,927,4
12,928,5
6,928,1
14,928,8
7,928,8
5,929,1
2,929,9
7,929,5
9,930,10
2,930,4
15,931,1
7,931,8
11,931,7
5,931,10
10,931,2
10,932,6
9,932,1
1,933,8
9,933,4
6,933,10
15,934,9
12,934,9
10,934,8
14,935,8
12,935,1
3,935,10
5,936,6
7,936,3
11,936,2
10,936,9
4,936,2
4,937,5
9,937,2
13,937,2
3,937,10
6,938,3
8,938,1
3,939,10
12,939,7
10,940,3
8,940,7
14,940,9
10,941,6
1,941,7
11,941,8
12,941,1
5,941,5
12,942,2
2,943,6
5,943,2
12,943,6
8,944,4
1,944,7
5,944,3
15,945,4
4,945,2
12,945,3
15,946,3
2,946,2
2,947,6
14,948,6
13,948,4
12,949,6
15,949,4
3,950,9
8,950,10
15,951,4
6,951,5
5,951,7
13,952,6
10,952,5
15,953,6
10,953,3
7,953,3
5,954,1
6,954,3
2,954,7
10,954,9
15,954,9
13,955,8
12,956,4
13,956,7
2,957,1
8,957,9
5,957,6
13,957,9
3,957,9
1,958,10
15,958,2
14,958,1
11,959,1
14,959,5
10,959,7
4,960,5
5,960,1
15,960,5
12,960,6
1,960,10
13,961,2
9,961,1
3,962,9
15,962,8
8,962,9
10,962,10
7,962,1
13,963,2
10,963,3
11,964,1
3,964,7
1,965,4
5,965,4
5,966,7
11,966,4
4,966,9
8,966,10
1,967,5
2,967,2
6,967,8
5,967,5
9,968,1
11,969,3
7,969,7
5,969,5
10,969,7
8,969,2
5,970,3
4,970,4
11,970,4
9,970,6
15,970,10
14,971,6
12,971,10
10,971,2
15,971,4
3,971,2
11,972,7
8,972,2
5,973,1
2,973,5
9,974,10
13,975,10
6,975,2
10,975,3
14,976,10
15,977,2
2,977,2
5,977,2
3,977,8
11,977,4
4,978,2
12,978,6
1,978,4
3,978,10
1,979,3
13,979,6
11,979,3
9,979,5
5,980,7
6,980,9
8,980,9
7,980,4
5,981,9
13,982,2
7,983,9
4,983,6
11,983,3
12,984,4
13,984,2
7,985,8
9,985,6
12,985,9
13,985,7
4,986,7
6,986,3
9,987,3
10,987,2
12,987,2
11,987,2
3,988,9
11,988,2
9,988,6
6,988,5
1,988,5
11,989,8
1,990,2
9,990,1
2,990,10
4,990,4
8,990,3
10,991,9
4,991,7
11,991,2
13,992,2
2,992,6
8,992,7
7,992,4
11,992,6
4,993,4
11,993,10
2,993,5
1,993,1
10,993,10
1,994,7
12,994,7
3,994,1
14,995,8
6,995,1
5,995,1
9,995,6
13,995,9
1,996,2
6,996,3
5,997,3
13,997,6
4,997,1
2,998,5
14,998,3
11,998,1
15,998,6
6,998,3
15,999,4
4,999,4
11,999,1
9,999,7
2,1000,9
1,1000,9
3,1000,4
10,1001,1
11,1001,6
12,1001,6
10,1002,7
1,1002,6
7,1003,5
12,1003,10
6,1003,3
15,1004,8
13,1004,6
12,1004,9
7,1004,5
10,1004,5
10,1005,10
8,1006,5
2,1006,4
9,1006,9
4,1006,5
15,1007,7
2,1008,2
12,1008,8
7,1008,6
10,1008,7
4,1008,7
8,1009,5
2,1009,10
12,1010,4
11,1010,3
3,1010,8
11,1011,4
10,1011,5
14,1011,9
8,1011,7
10,1012,4
8,1013,10
12,1013,5
10,1013,1
2,1014,5
3,1015,10
4,1015,6
5,1015,6
5,1016,9
6,1016,8
11,1016,8
14,1017,9
14,1018,6
8,1018,5
9,1018,1
10,1019,10
8,1020,6
2,1020,9
15,1020,5
5,1020,5
15,1021,10
14,1022,2
12,1022,7
4,1022,3
10,1023,8
4,1023,7
8,1023,8
11,1023,8
15,1023,7
5,1024,2
15,1024,4
3,1024,8
4,1024,2
13,1024,2
9,1025,4
11,1025,8
15,1026,3
4,1026,3
4,1027,5
11,1027,1
8,1027,6
9,1027,1
14,1027,10
5,1028,8
14,1028,8
12,1028,5
14,1029,1
15,1029,8
1,1029,9
12,1030,1
10,1030,3
1,1030,5
13,1030,5
7,1030,4
1,1031,6
5,1031,7
2,1031,10
10,1032,4
6,1032,2
7,1032,5
12,1033,4
4,1033,9
7,1034,8
8,1034,9
13,1034,6
11,1034,1
8,1035,7
14,1036,7
8,1036,3
2,1036,2
6,1037,10
10,1037,3
4,1037,6
1,1037,5
5,1038,8
1,1038,4
7,1038,9
12,1038,5
5,1039,7
12,1039,3
3,1039,10
12,1040,2
4,1040,3
9,1040,9
12,1041,10
7,1041,8
15,1041,6
10,1041,3
12,1042,9
15,1043,9
6,1043,3
9,1043,2
1,1044,1
5,1044,4
8,1044,6
7,1045,3
13,1046,3
11,1046,4
14,1046,8
5,1046,6
12,1046,7
1,1047,8
12,1048,4
11,1049,9
1,1049,5
13,1049,5
15,1049,2
9,1049,10
7,1050,10
2,1051,6
7,1051,2
11,1051,8
4,1051,6
10,1051,5
11,1052,5
10,1053,1
4,1053,6
7,1054,2
11,1054,4
12,1054,2
1,1054,5
3,1054,9
1,1055,6
7,1055,4
5,1055,8
11,1055,6
14,1055,5
5,1056,4
6,1056,2
1,1057,8
6,1058,4
2,1058,1
1,1058,10
14,1059,8
10,1060,9
13,1060,8
7,1060,5
14,1061,9
5,1061,1
2,1062,1
11,1062,6
13,1062,10
2,1063,4
1,1063,3
15,1063,6
5,1063,2
7,1064,4
2,1065,7
15,1065,1
12,1065,4
10,1066,4
8,1066,5
2,1066,10
3,1067,1
14,1067,1
11,1068,5
15,1068,5
14,1068,7
2,1068,7
5,1068,4
1,1069,8
13,1069,6
3,1070,6
7,1070,2
5,1070,9
4,1070,2
9,1070,3
5,1071,10
3,1072,3
14,1072,2
7,1072,1
15,1073,7
6,1073,2
15,1074,5
4,1074,9
6,1075,3
11,1075,3
10,1075,7
9,1076,3
10,1076,9
2,1076,4
11,1076,8
13,1076,8
4,1077,2
15,1077,1
6,1078,8
5,1078,4
9,1078,9
11,1078,5
11,1079,1
10,1080,6
10,1081,10
12,1081,9
9,1082,7
10,1082,10
5,1082,10
14,1082,9
1,1083,3
13,1083,2
1,1084,5
14,1084,4
13,1085,3
12,1085,5
10,1085,1
9,1085,2
12,1086,8
6,1086,6
14,1086,10
15,1087,6
4,1087,4
9,1087,6
7,1088,7
11,1088,9
7,1089,10
13,1089,6
14,1089,3
11,1089,10
3,1090,6
9,1091,8
13,1091,8
11,1091,1
12,1091,8
8,1092,3
12,1092,3
9,1092,3
11,1092,8
1,1092,1
13,1093,5
4,1093,8
15,1093,8
3,1093,1
12,1093,3
11,1094,2
6,1094,1
12,1094,4
3,1094,2
2,1095,9
11,1095,7
15,1095,6
13,1095,4
7,1096,3
15,1097,10
14,1097,8
12,1097,6
11,1098,5
1,1098,8
9,1098,10
5,1098,5
3,1099,10
1,1099,1
13,1099,5
4,1099,10
14,1099,7
1,1100,10
12,1100,6
15,1100,4
14,1100,10
2,1100,8
8,1101,2
13,1101,2
3,1102,1
6,1102,1
3,1103,3
1,1104,4
8,1104,3
3,1104,5
15,1104,5
13,1104,3
12,1105,2
13,1105,6
7,1106,9
14,1106,3
2,1107,9
11,1107,8
11,1108,8
12,1108,6
10,1109,1
1,1110,9
7,1110,2
9,1110,1
5,1110,10
5,1111,1
5,1112,7
7,1112,2
13,1112,8
8,1112,4
3,1112,8
4,1113,2
9,1113,1
2,1114,4
11,1115,5
2,1116,8
15,1117,2
9,1117,3
1,1118,8
13,1118,6
11,1118,6
9,1119,3
2,1119,9
10,1119,8
6,1120,3
13,1120,9
14,1120,8
5,1120,3
8,1120,3
8,1121,4
10,1121,2
4,1121,9
6,1122,1
4,1123,3
2,1123,9
3,1123,5
12,1123,1
6,1123,4
7,1124,4
9,1124,7
3,1124,2
14,1125,7
7,1125,5
14,1126,2
15,1127,5
6,1128,8
8,1128,10
5,1129,10
13,1129,7
11,1129,6
2,1129,6
3,1129,8
2,1130,8
7,1130,3
6,1130,10
15,1131,7
5,1131,8
9,1131,10
14,1131,6
1,1131,4
4,1132,9
8,1132,10
14,1133,1
7,1133,7
13,1134,9
5,1134,2
12,1135,2
1,1135,3
7,1136,4
10,1136,6
5,1137,1
8,1137,5
12,1137,6
15,1137,7
15,1138,8
12,1138,5
12,1139,5
13,1139,5
10,1139,10
2,1139,2
4,1140,8
12,1140,8
14,1140,9
6,1140,10
4,1141,10
10,1142,9
6,1142,6
15,1142,10
3,1142,4
14,1143,1
7,1143,7
13,1143,7
10,1144,9
4,1144,7
2,1145,2
7,1145,5
5,1146,7
11,1146,6
8,1147,2
1,1147,10
15,1147,5
14,1147,3
10,1148,3
1,1149,8
12,1149,2
7,1149,5
14,1149,3
4,1149,3
11,1150,4
2,1151,3
13,1151,1
15,1151,10
10,1152,7
1,1153,4
1,1154,8
13,1154,5
14,1154,1
12,1154,4
2,1154,4
9,1155,7
1,1155,5
6,1155,6
14,1155,5
10,1155,4
4,1156,10
14,1156,6
7,1156,3
11,1156,4
6,1156,6
5,1157,1
8,1158,9
9,1158,5
15,1159,9
7,1159,5
14,1159,9
12,1159,6
9,1160,5
13,1161,4
1,1161,2
9,1161,8
11,1161,10
3,1161,2
4,1162,5
1,1162,6
13,1162,7
9,1162,3
13,1163,10
2,1163,7
4,1163,9
14,1164,9
2,1164,6
9,1164,9
3,1164,5
5,1164,7
15,1165,5
12,1165,7
5,1165,3
4,1165,5
6,1166,1
8,1166,4
5,1166,2
5,1167,1
8,1167,10
4,1168,9
10,1168,8
5,1168,7
9,1168,1
8,1168,6
1,1169,7
5,1169,3
2,1169,10
4,1170,10
5,1170,5
3,1170,10
6,1170,3
10,1170,7
5,1171,8
13,1172,4
7,1172,8
1,1172,7
11,1172,7
10,1172,2
5,1173,7
11,1174,7
2,1174,4
7,1174,5
6,1174,7
5,1174,4
9,1175,8
1,1176,6
4,1177,3
9,1177,8
12,1177,4
10,1177,8
15,1177,3
6,1178,10
15,1178,3
3,1178,7
4,1178,10
7,1178,6
15,1179,7
12,1180,1
13,1180,3
3,1180,8
10,1180,3
7,1181,7
6,1181,9
9,1181,5
11,1182,10
9,1182,1
8,1182,5
9,1183,8
8,1184,6
12,1185,10
3,1185,2
13,1185,10
15,1186,3
14,1186,9
10,1186,2
5,1186,1
7,1187,6
15,1187,3
8,1188,10
7,1189,8
9,1189,9
13,1189,7
1,1189,5
5,1190,9
8,1191,9
13,1191,9
12,1191,8
14,1192,5
1,1192,5
8,1192,10
3,1193,3
12,1193,1
1,1193,6
10,1194,4
12,1194,8
8,1194,9
10,1195,2
3,1195,1
7,1195,7
1,1195,5
1,1196,10
4,1196,3
12,1197,5
14,1197,2
15,1197,7
7,1197,2
1,1197,6
7,1198,8
7,1199,7
4,1199,1
12,1199,1
14,1199,3
3,1200,10
11,1200,2
1,1200,9
12,1200,1
13,1200,3
5,1201,9
1,1201,2
10,1201,2
12,1202,5
1,1202,3
2,1202,3
3,1202,9
3,1203,1
6,1203,2
4,1204,8
10,1204,7
8,1204,6
12,1204,8
10,1205,10
1,1205,7
15,1205,4
14,1205,7
7,1206,9
3,1206,8
7,1207,5
13,1207,4
1,1208,3
5,1208,9
12,1208,8
10,1208,4
4,1208,1
11,1209,5
10,1209,3
2,1210,5
3,1210,8
15,1210,6
10,1210,6
4,1210,9
7,1211,2
2,1211,7
3,1212,10
6,1212,4
1,1212,4
10,1213,7
1,1214,9
4,1214,8
12,1215,1
4,1215,7
5,1216,8
15,1216,7
1,1216,10
11,1216,10
2,1217,4
15,1217,5
14,1217,4
1,1218,1
12,1219,3
14,1219,8
10,1220,3
4,1220,6
3,1220,1
15,1220,2
2,1220,8
2,1221,5
5,1222,3
2,1222,9
6,1222,10
9,1222,6
14,1223,10
11,1223,5
15,1223,5
14,1224,8
10,1224,2
5,1224,5
12,1225,7
9,1225,3
6,1225,10
3,1225,10
15,1226,5
3,1227,9
1,1227,5
9,1228,2
13,1228,8
5,1228,4
12,1229,8
2,1230,8
10,1231,5
5,1231,2
12,1231,8
8,1231,3
6,1232,3
11,1232,2
9,1232,1
6,1233,6
13,1233,2
9,1234,2
12,1234,1
4,1234,2
5,1234,4
6,1234,1
15,1235,6
4,1235,3
6,1235,9
3,1236,3
6,1236,2
2,1236,8
8,1236,9
9,1237,8
10,1237,2
6,1237,8
2,1237,9
5,1238,4
11,1238,1
13,1238,6
10,1238,3
8,1239,6
6,1239,7
10,1239,8
3,1239,10
14,1239,5
15,1240,6
4,1240,4
10,1240,6
2,1240,5
12,1240,4
12,1241,10
13,1241,10
7,1241,3
15,1242,1
13,1243,8
2,1243,6
5,1244,5
10,1245,5
1,1245,9
9,1245,7
5,1246,6
15,1246,7
7,1246,8
9,1247,4
14,1247,2
10,1248,7
6,1248,9
9,1248,2
15,1249,10
6,1249,1
1,1249,9
2,1249,7
1,1250,2
2,1251,8
6,1252,1
10,1252,6
2,1252,8
1,1252,10
15,1253,6
6,1253,8
2,1253,2
8,1254,10
3,1254,2
13,1254,8
11,1255,7
8,1255,6
2,1255,4
5,1255,10
3,1256,9
9,1256,8
11,1257,7
4,1257,4
5,1257,6
15,1258,5
10,1259,3
8,1260,1
5,1260,4
14,1260,4
8,1261,9
4,1261,5
6,1261,8
15,1262,6
12,1262,7
6,1262,1
14,1262,8
12,1263,5
9,1264,3
4,1264,10
6,1264,7
15,1265,3
10,1265,10
7,1265,8
3,1265,6
11,1266,6
6,1266,6
15,1266,7
4,1267,10
7,1267,4
1,1268,2
12,1269,6
13,1269,2
12,1270,10
4,1270,3
5,1270,6
2,1271,4
4,1271,10
6,1271,1
3,1271,7
9,1271,1
15,1272,2
10,1272,5
1,1272,8
6,1272,4
2,1273,2
2,1274,4
9,1275,9
15,1275,3
13,1275,4
5,1276,1
1,1276,7
13,1276,4
1,1277,9
13,1277,3
6,1277,4
5,1277,5
5,1278,1
11,1278,10
8,1278,8
9,1278,1
7,1279,5
8,1280,3
15,1280,5
1,1281,6
4,1281,3
8,1281,10
13,1282,6
2,1282,10
4,1282,9
9,1282,9
14,1282,5
11,1283,6
6,1283,10
4,1283,4
10,1283,1
14,1283,5
13,1284,6
5,1284,8
6,1284,1
9,1284,1
10,1285,5
13,1285,1
11,1285,5
5,1285,9
7,1285,7
3,1286,2
2,1286,1
10,1286,8
3,1287,2
2,1287,1
4,1288,10
14,1288,5
13,1289,4
12,1290,10
1,1291,10
9,1292,9
6,1293,7
4,1293,1
13,1294,10
15,1294,3
3,1295,5
9,1295,9
7,1295,6
12,1295,5
3,1296,7
6,1296,3
9,1296,9
14,1297,9
13,1298,3
1,1298,8
2,1298,8
15,1298,3
10,1298,7
8,1299,10
9,1299,9
10,1299,7
2,1299,4
14,1299,7
14,1300,9
12,1300,7
7,1300,4
3,1300,9
13,1300,7
12,1301,9
13,1302,1
3,1302,1
7,1302,1
6,1302,7
4,1302,7
10,1303,6
7,1303,7
8,1303,7
14,1303,1
12,1303,4
15,1304,3
8,1304,4
7,1304,8
4,1304,4
3,1304,7
14,1305,4
4,1305,3
11,1305,3
1,1305,8
7,1305,4
2,1306,10
1,1306,6
13,1306,3
7,1307,7
10,1307,8
11,1308,10
8,1308,7
14,1308,3
5,1308,6
4,1308,4
12,1309,2
1,1309,10
3,1309,9
13,1309,3
15,1310,4
10,1311,6
11,1311,4
14,1311,7
1,1311,3
1,1312,5
4,1312,2
7,1312,1
15,1313,5
13,1314,4
7,1314,1
1,1314,1
13,1315,2
6,1315,3
1,1315,10
5,1316,10
1,1316,7
13,1316,6
11,1316,6
10,1316,2
10,1317,10
9,1317,1
1,1318,2
5,1318,3
15,1319,5
12,1319,5
4,1319,2
3,1319,10
4,1320,6
12,1320,6
3,1320,3
6,1320,9
10,1320,5
9,1321,7
7,1321,2
10,1322,4
9,1322,5
12,1322,4
11,1323,9
8,1324,7
13,1324,2
11,1324,4
10,1325,10
5,1325,8
13,1325,4
2,1326,9
1,1326,9
6,1326,1
14,1327,9
6,1327,4
7,1327,3
1,1327,7
2,1327,8
7,1328,10
6,1328,7
14,1329,5
6,1329,7
10,1330,4
7,1330,10
6,1330,8
3,1330,1
12,1331,2
3,1331,5
6,1331,9
6,1332,5
10,1333,4
6,1333,10
15,1334,7
5,1334,8
12,1334,7
3,1335,6
1,1336,5
7,1336,7
15,1337,8
9,1337,6
12,1337,9
10,1337,10
5,1337,1
5,1338,9
11,1338,1
15,1338,7
6,1339,2
9,1340,9
1,1340,3
2,1340,7
7,1341,10
3,1341,7
1,1341,8
12,1341,8
8,1342,5
5,1342,8
13,1343,4
7,1343,9
11,1343,3
8,1343,4
3,1343,4
15,1344,6
10,1344,3
11,1344,4
8,1345,4
11,1346,10
13,1347,1
8,1347,7
10,1347,7
9,1347,1
10,1348,3
7,1348,6
9,1348,1
15,1348,2
13,1349,7
12,1349,10
6,1349,4
2,1349,8
6,1350,5
9,1350,8
15,1350,3
11,1350,7
7,1350,5
14,1351,3
4,1351,3
1,1351,9
3,1352,1
8,1352,10
5,1352,2
2,1352,9
4,1352,4
11,1353,1
15,1353,10
2,1353,8
2,1354,4
13,1354,9
14,1354,7
2,1355,5
6,1356,5
9,1356,5
5,1356,10
13,1356,1
3,1357,4
14,1357,5
6,1358,5
14,1358,10
14,1359,8
8,1359,10
10,1359,4
7,1359,8
10,1360,7
9,1360,3
7,1361,8
5,1361,10
2,1361,2
12,1361,3
9,1361,10
1,1362,9
5,1362,7
7,1362,7
2,1362,10
13,1363,4
1,1363,6
8,1363,10
13,1364,4
11,1364,2
10,1364,1
7,1364,1
5,1365,1
3,1366,8
2,1367,6
7,1367,9
5,1367,4
9,1367,1
11,1368,7
12,1369,10
1,1369,2
11,1369,9
15,1370,6
13,1370,5
12,1370,3
4,1370,5
14,1370,4
10,1371,6
15,1371,1
15,1372,3
6,1372,5
9,1372,2
10,1373,4
11,1374,1
6,1374,5
15,1375,9
2,1375,4
14,1375,3
12,1375,4
5,1375,2
1,1376,7
15,1376,1
14,1376,4
7,1376,5
11,1376,5
6,1377,6
13,1378,5
1,1378,5
15,1378,2
8,1379,5
1,1379,3
12,1380,8
5,1380,2
10,1381,10
2,1381,8
9,1381,6
5,1381,2
6,1382,7
1,1382,9
11,1382,2
14,1383,8
2,1383,7
9,1383,8
7,1384,9
2,1385,10
5,1386,9
15,1386,10
8,1386,6
9,1386,5
2,1387,3
11,1387,6
7,1388,1
6,1388,2
9,1388,3
15,1388,2
11,1388,10
13,1389,4
10,1389,3
8,1389,2
5,1390,10
6,1390,9
11,1390,8
2,1390,6
5,1391,9
3,1391,2
15,1391,5
11,1391,2
14,1391,8
11,1392,8
6,1392,4
8,1392,6
3,1392,10
6,1393,10
10,1393,3
4,1394,1
5,1394,8
12,1394,9
7,1395,7
8,1395,10
14,1395,1
11,1395,6
10,1395,10
9,1396,2
7,1396,10
6,1396,6
8,1396,8
11,1397,6
2,1397,10
1,1397,9
10,1398,3
4,1398,2
12,1398,6
15,1398,4
3,1399,10
1,1399,2
11,1399,2
6,1399,1
2,1400,6
1,1400,8
6,1400,3
10,1400,10
14,1401,9
3,1401,6
10,1401,1
1,1402,7
13,1403,10
8,1403,6
14,1404,5
5,1404,9
4,1404,9
9,1404,10
1,1404,9
10,1405,10
12,1405,4
3,1406,7
15,1406,1
4,1407,8
5,1407,4
11,1407,6
12,1407,3
8,1407,5
9,1408,8
1,1409,1
10,1409,4
5,1409,6
9,1409,10
6,1410,6
5,1410,10
7,1410,7
11,1410,8
12,1411,2
5,1411,1
6,1411,8
14,1412,8
9,1412,6
10,1412,6
12,1412,8
3,1412,7
2,1413,10
14,1413,3
6,1414,2
8,1414,4
15,1414,7
13,1415,9
2,1415,10
8,1415,7
14,1415,8
12,1415,5
9,1416,4
14,1417,3
4,1418,1
5,1418,8
9,1418,3
6,1419,1
9,1419,2
2,1419,8
4,1419,9
11,1420,1
5,1420,10
6,1421,4
9,1421,10
13,1421,8
6,1422,10
11,1422,7
10,1422,4
12,1422,2
9,1423,1
4,1423,8
15,1423,8
3,1423,7
1,1423,3
1,1424,4
13,1424,10
10,1424,7
4,1425,3
7,1425,2
1,1426,10
4,1426,9
9,1427,5
10,1427,3
2,1428,7
12,1429,3
10,1429,1
8,1429,4
15,1429,8
11,1429,5
6,1430,9
10,1430,5
12,1430,9
14,1430,9
11,1430,3
6,1431,3
11,1432,1
9,1432,1
14,1433,4
7,1433,5
6,1433,1
15,1433,8
2,1434,1
11,1434,10
9,1434,10
5,1434,2
5,1435,7
13,1435,5
3,1435,3
11,1435,3
6,1435,8
11,1436,8
10,1436,3
15,1436,9
8,1436,4
12,1436,3
9,1437,4
2,1437,3
12,1437,6
8,1437,10
7,1437,6
10,1438,9
11,1439,10
7,1439,5
3,1440,10
4,1440,8
5,1440,8
9,1440,8
7,1440,9
13,1441,9
12,1441,7
10,1441,5
5,1441,10
4,1442,8
14,1442,3
13,1442,2
5,1442,5
2,1443,10
10,1443,10
1,1443,2
6,1444,2
14,1444,1
12,1444,8
3,1444,6
2,1444,9
4,1445,9
12,1445,1
1,1445,10
11,1446,8
14,1446,6
5,1447,9
15,1447,5
10,1447,3
9,1447,3
7,1447,6
8,1448,2
5,1449,1
3,1450,10
9,1450,5
1,1450,10
4,1450,1
7,1450,1
14,1451,6
3,1451,9
15,1451,5
5,1452,2
13,1453,6
6,1453,10
9,1454,4
4,1454,10
14,1454,2
5,1455,1
12,1455,6
14,1455,1
12,1456,1
5,1457,1
15,1458,3
6,1459,7
3,1459,5
15,1459,6
14,1460,3
9,1461,2
14,1461,2
15,1461,4
6,1461,9
7,1462,9
1,1462,3
13,1462,7
12,1462,6
6,1462,4
15,1463,1
10,1463,3
10,1464,2
11,1464,3
14,1464,8
15,1465,6
13,1465,3
10,1466,8
1,1466,10
14,1466,5
13,1466,2
9,1466,9
12,1467,6
15,1467,1
4,1467,8
11,1467,3
10,1467,2
14,1468,3
8,1468,10
12,1468,8
7,1468,5
10,1469,6
11,1470,9
6,1470,10
7,1470,9
10,1470,3
15,1471,8
14,1471,2
1,1472,10
10,1473,4
6,1473,6
5,1474,8
4,1474,4
7,1474,9
6,1474,7
3,1475,7
11,1475,10
14,1475,9
2,1475,5
10,1476,1
11,1476,9
6,1476,7
7,1477,7
12,1478,9
8,1478,6
15,1478,7
5,1479,6
12,1480,5
13,1480,2
3,1481,4
11,1481,10
5,1481,6
3,1482,9
4,1483,2
3,1483,9
15,1483,7
2,1483,7
9,1484,1
11,1484,1
6,1485,9
8,1485,2
5,1486,7
13,1486,4
2,1486,9
5,1487,4
6,1488,2
5,1488,3
12,1488,8
1,1488,8
3,1488,7
9,1489,8
12,1490,6
2,1491,8
3,1491,6
7,1492,2
15,1492,5
12,1493,10
10,1493,9
9,1494,1
11,1494,6
5,1494,7
6,1494,10
10,1495,1
13,1495,5
11,1495,8
8,1496,5
13,1496,10
4,1496,4
3,1497,5
12,1497,4
4,1497,2
15,1497,5
11,1498,4
4,1498,9
13,1498,6
3,1498,4
2,1498,2
6,1499,5
3,1499,7
5,1499,3
2,1500,10
8,1500,10
6,1500,8
11,1500,2
14,1500,10
7,1501,2
9,1501,7
13,1502,1
6,1503,1
13,1503,5
2,1504,8
8,1504,2
10,1504,4
7,1505,9
12,1505,8
15,1506,5
2,1506,6
3,1506,3
5,1506,5
9,1507,4
14,1507,10
3,1507,1
2,1507,5
2,1508,6
11,1508,9
3,1508,6
4,1508,6
14,1508,8
12,1509,1
15,1509,7
13,1510,2
11,1510,2
1,1510,9
5,1511,4
4,1511,4
2,1511,8
12,1511,2
11,1511,5
7,1512,6
3,1513,4
8,1513,2
10,1514,6
7,1514,8
6,1515,8
14,1516,9
15,1516,10
11,1517,7
10,1517,9
6,1518,7
12,1519,4
11,1519,8
13,1520,10
10,1520,8
2,1520,3
5,1521,8
15,1521,10
13,1521,1
14,1521,1
8,1521,7
14,1522,1
15,1522,2
7,1522,5
5,1522,7
2,1522,5
3,1523,7
11,1523,5
8,1523,2
9,1523,9
4,1523,2
13,1524,8
12,1524,7
3,1524,7
7,1525,4
10,1525,7
4,1526,8
1,1526,3
5,1526,6
10,1526,8
12,1526,2
4,1527,2
14,1527,10
2,1527,1
5,1527,1
6,1528,2
5,1528,2
11,1528,4
2,1528,3
7,1528,8
15,1529,4
5,1530,9
15,1530,7
1,1530,1
11,1530,3
12,1531,7
7,1531,7
15,1531,9
9,1531,3
8,1531,2
2,1532,10
11,1532,1
10,1532,7
9,1532,4
5,1532,8
15,1533,10
10,1534,8
14,1534,1
6,1534,10
12,1534,8
4,1534,2
1,1535,8
6,1536,3
13,1537,10
4,1537,2
15,1537,1
1,1537,5
3,1538,8
8,1538,1
7,1539,4
13,1539,6
8,1540,4
10,1541,7
7,1542,5
3,1543,7
1,1543,7
12,1543,2
12,1544,3
14,1544,2
4,1544,7
13,1544,2
8,1544,5
15,1545,7
9,1545,4
6,1546,4
7,1546,3
10,1546,1
8,1546,6
8,1547,9
14,1548,8
11,1549,6
1,1549,4
14,1549,4
2,1549,10
13,1550,3
6,1551,8
7,1551,9
5,1552,4
3,1552,1
4,1552,1
13,1553,5
3,1554,4
15,1555,4
4,1555,1
2,1555,4
12,1555,8
6,1555,5
4,1556,3
2,1556,2
2,1557,5
14,1557,2
13,1557,8
9,1557,4
14,1558,5
5,1558,3
6,1559,5
15,1559,6
13,1559,9
11,1559,4
14,1560,1
11,1561,7
14,1561,9
9,1561,2
7,1561,7
8,1562,9
4,1562,4
13,1562,10
5,1562,1
1,1562,4
13,1563,6
9,1563,4
11,1563,1
8,1563,8
10,1563,8
4,1564,3
6,1564,6
14,1564,8
5,1564,2
2,1565,4
4,1565,1
15,1566,10
9,1566,4
14,1566,5
11,1566,2
6,1566,3
2,1567,10
13,1567,6
15,1567,1
5,1568,3
7,1568,6
2,1568,9
11,1568,1
7,1569,2
2,1569,9
12,1569,6
11,1569,10
6,1569,4
13,1570,2
13,1571,2
8,1572,9
12,1572,6
7,1572,8
14,1572,3
6,1573,2
9,1573,8
13,1574,9
11,1574,9
1,1574,1
9,1575,10
1,1575,2
4,1575,9
13,1575,2
11,1575,10
11,1576,10
2,1576,4
12,1576,6
13,1577,9
6,1577,10
4,1577,5
2,1577,8
15,1578,3
13,1578,4
4,1578,4
11,1578,6
12,1578,7
7,1579,3
9,1579,3
7,1580,4
7,1581,1
10,1581,2
12,1582,8
6,1582,7
9,1582,7
4,1583,4
13,1583,3
15,1583,2
9,1584,10
15,1584,5
2,1584,7
6,1584,1
3,1585,8
6,1586,3
7,1586,1
9,1586,4
8,1586,5
5,1587,7
4,1587,7
6,1587,7
11,1587,5
8,1588,1
6,1588,3
2,1588,1
12,1589,3
6,1589,2
13,1589,4
10,1589,5
8,1589,9
9,1590,8
3,1590,9
7,1590,8
12,1590,3
9,1591,1
7,1592,2
14,1593,4
12,1593,9
9,1594,8
5,1594,10
3,1594,2
12,1595,1
13,1596,7
7,1596,9
15,1596,6
10,1596,10
3,1596,10
12,1597,8
15,1597,1
13,1598,7
10,1598,5
11,1598,10
2,1598,3
15,1599,5
10,1599,10
11,1599,6
12,1599,1
12,1600,4
5,1601,1
6,1601,2
15,1601,4
13,1601,4
10,1601,9
12,1602,1
5,1602,7
11,1602,10
2,1602,9
14,1602,2
15,1603,4
11,1604,5
6,1605,8
9,1605,2
1,1605,2
15,1605,2
3,1606,7
1,1607,8
6,1607,6
15,1607,2
14,1607,2
10,1607,6
8,1608,1
3,1608,2
5,1609,4
10,1610,9
8,1610,5
15,1610,9
13,1610,2
4,1610,5
4,1611,10
5,1611,3
3,1611,3
9,1611,5
8,1612,3
8,1613,9
10,1613,6
3,1614,8
11,1614,5
15,1614,6
4,1615,6
13,1615,7
6,1615,10
10,1615,3
2,1615,6
14,1616,3
11,1616,5
7,1616,7
10,1616,3
5,1616,5
9,1617,5
8,1617,7
7,1617,7
3,1618,3
15,1618,3
10,1618,5
7,1618,4
13,1618,9
15,1619,8
14,1619,6
7,1620,4
14,1620,9
15,1620,1
9,1620,8
15,1621,1
13,1621,1
7,1621,8
11,1621,7
3,1622,8
4,1622,3
9,1622,5
7,1623,6
14,1623,9
4,1623,10
11,1624,7
15,1624,8
12,1625,4
10,1625,10
1,1625,5
13,1626,1
5,1626,1
13,1627,10
14,1628,3
12,1628,8
3,1628,4
6,1629,10
8,1629,9
14,1629,3
8,1630,10
10,1630,9
7,1630,9
6,1630,4
4,1631,1
9,1632,9
4,1633,9
1,1633,6
13,1633,4
5,1633,1
12,1633,3
9,1634,3
3,1635,6
15,1635,5
14,1635,10
3,1636,7
13,1637,4
6,1637,9
7,1637,5
5,1637,8
13,1638,1
2,1639,3
1,1639,1
7,1639,10
8,1639,8
12,1640,7
15,1640,5
11,1640,5
5,1640,7
2,1640,4
11,1641,2
1,1642,4
5,1642,3
7,1643,1
13,1643,8
10,1643,1
12,1643,3
3,1643,9
5,1644,8
11,1644,6
2,1644,9
6,1644,6
3,1645,7
12,1645,3
14,1645,5
7,1645,5
13,1645,6
15,1646,7
12,1646,3
3,1646,9
9,1646,2
13,1647,8
14,1648,3
11,1649,2
15,1649,9
14,1649,5
4,1650,5
8,1650,10
3,1650,6
13,1650,7
10,1651,7
11,1651,2
3,1651,4
5,1651,6
14,1651,5
3,1652,4
4,1652,10
15,1652,2
9,1653,7
2,1653,4
12,1654,1
4,1654,4
15,1654,3
2,1654,5
11,1654,3
12,1655,7
11,1655,3
8,1656,10
11,1656,4
7,1656,7
3,1656,3
1,1657,3
13,1657,9
12,1657,7
7,1657,10
9,1658,1
3,1658,7
1,1659,8
5,1659,9
2,1659,5
12,1659,1
6,1659,4
2,1660,9
13,1661,2
15,1662,10
14,1662,7
9,1662,9
4,1662,2
14,1663,10
8,1663,10
3,1663,3
15,1663,6
15,1664,8
4,1665,1
2,1665,1
3,1666,1
15,1666,6
4,1667,3
2,1667,6
9,1668,1
13,1668,9
10,1668,3
1,1668,6
8,1669,10
6,1669,9
12,1670,10
14,1670,5
10,1670,6
1,1671,10
7,1672,4
1,1672,8
2,1672,1
9,1672,9
1,1673,7
12,1673,10
11,1674,3
14,1674,10
7,1674,5
9,1674,5
8,1675,6
2,1675,1
13,1676,5
10,1676,3
4,1676,4
9,1677,6
6,1677,2
11,1677,8
2,1677,6
8,1677,6
3,1678,10
12,1678,7
13,1678,8
5,1679,7
11,1679,6
4,1680,8
3,1680,6
10,1681,3
15,1681,8
9,1682,8
3,1683,2
10,1683,5
11,1684,5
15,1684,3
12,1684,6
11,1685,5
13,1685,3
5,1685,1
6,1685,9
15,1686,3
13,1686,5
11,1686,7
8,1687,5
12,1688,6
11,1688,4
4,1689,9
5,1689,10
11,1689,2
2,1689,2
14,1689,8
1,1690,10
10,1690,1
2,1690,2
14,1690,6
11,1690,6
1,1691,5
10,1691,5
9,1691,10
2,1692,6
14,1692,8
15,1692,3
3,1692,2
13,1693,1
9,1693,9
3,1694,2
9,1694,4
6,1695,10
2,1695,8
6,1696,2
2,1697,7
9,1697,8
7,1698,7
9,1698,3
8,1698,9
14,1698,10
4,1699,4
8,1699,10
14,1700,4
12,1700,1
2,1700,4
7,1700,5
8,1701,10
4,1701,9
4,1702,10
2,1703,1
1,1703,2
14,1703,9
12,1703,7
13,1704,6
4,1704,1
4,1705,6
6,1706,6
10,1706,8
10,1707,4
13,1707,5
3,1707,4
2,1707,10
14,1708,5
13,1708,1
6,1708,10
7,1709,8
11,1710,8
1,1710,2
7,1710,4
13,1710,6
15,1710,10
6,1711,10
7,1711,7
14,1711,9
3,1711,1
10,1711,1
11,1712,2
7,1712,8
15,1713,4
5,1713,8
8,1714,6
13,1714,7
7,1714,3
12,1714,8
3,1715,8
6,1715,8
7,1715,7
11,1715,5
5,1716,10
12,1716,7
8,1717,5
6,1717,5
7,1717,9
4,1718,8
13,1718,6
8,1718,5
3,1719,4
11,1719,4
3,1720,7
12,1720,4
5,1720,2
9,1720,9
6,1720,8
7,1721,6
15,1721,3
5,1721,3
1,1721,3
12,1721,1
8,1722,5
7,1722,4
9,1722,5
13,1722,9
10,1722,3
15,1723,6
10,1723,1
6,1723,1
14,1723,1
9,1723,7
4,1724,6
7,1724,3
9,1724,8
11,1725,1
4,1725,4
3,1725,1
9,1726,4
1,1726,7
1,1727,6
6,1727,9
3,1728,8
6,1728,9
7,1729,5
4,1729,6
7,1730,8
10,1730,8
6,1730,1
2,1731,3
14,1731,1
8,1731,1
11,1731,6
3,1732,4
12,1732,8
14,1733,9
8,1733,3
3,1734,7
7,1734,7
11,1735,1
5,1735,9
12,1736,9
5,1736,2
10,1737,7
13,1737,5
1,1737,2
12,1737,7
5,1738,3
15,1738,10
10,1738,4
8,1739,1
15,1740,1
9,1740,3
12,1740,2
5,1740,2
2,1740,9
9,1741,2
7,1741,1
10,1742,2
13,1742,10
6,1742,6
15,1742,3
15,1743,8
7,1743,4
13,1744,6
8,1744,1
12,1744,1
4,1744,6
1,1744,2
2,1745,5
10,1745,3
6,1746,1
11,1746,9
14,1746,10
9,1747,8
5,1747,8
1,1747,3
6,1747,5
8,1747,1
14,1748,3
4,1748,7
5,1748,10
8,1749,4
7,1749,4
5,1750,8
7,1750,2
1,1750,1
10,1750,4
8,1751,6
11,1751,5
6,1751,8
11,1752,1
4,1752,5
7,1752,9
2,1753,7
8,1753,2
15,1753,10
6,1753,5
12,1754,4
11,1754,5
14,1755,2
15,1756,10
3,1757,5
1,1757,8
6,1757,5
4,1757,7
12,1757,4
14,1758,5
7,1758,6
2,1759,7
11,1759,9
10,1759,1
15,1759,7
12,1759,6
8,1760,10
14,1760,3
15,1761,2
11,1761,2
4,1761,10
7,1761,6
6,1761,10
8,1762,7
11,1762,3
4,1762,1
12,1762,7
1,1762,2
8,1763,4
5,1763,7
14,1763,2
2,1763,3
6,1763,2
1,1764,10
15,1764,7
4,1765,1
9,1765,5
10,1766,5
15,1766,9
4,1766,4
5,1766,9
13,1766,10
3,1767,9
6,1767,9
14,1767,7
4,1768,6
12,1768,8
7,1768,6
13,1768,7
5,1768,2
10,1769,2
1,1769,1
4,1769,1
6,1769,7
14,1769,8
3,1770,6
15,1770,2
10,1770,2
1,1770,5
3,1771,8
2,1771,9
7,1771,7
5,1771,6
1,1772,4
13,1772,3
2,1772,4
3,1772,7
9,1772,2
3,1773,4
14,1773,4
10,1774,7
4,1775,4
13,1775,1
14,1775,8
5,1775,9
8,1776,6
14,1776,2
13,1776,1
12,1776,8
2,1776,2
4,1777,5
13,1777,9
7,1777,9
3,1777,3
3,1778,2
1,1778,3
12,1778,7
6,1778,8
14,1778,2
8,1779,1
12,1779,1
6,1779,8
7,1779,7
7,1780,4
4,1780,9
8,1780,4
14,1780,4
1,1780,4
8,1781,3
14,1781,6
4,1781,8
3,1781,3
11,1782,1
1,1782,4
6,1783,6
8,1783,5
9,1783,7
3,1784,8
13,1784,6
6,1784,4
15,1785,10
7,1786,3
12,1786,1
10,1786,9
3,1786,7
10,1787,9
13,1787,2
13,1788,9
15,1788,4
14,1789,5
12,1789,1
2,1790,2
4,1790,6
14,1790,6
15,1790,3
14,1791,3
1,1791,1
4,1791,5
6,1791,10
2,1792,8
6,1793,2
13,1793,1
9,1793,10
6,1794,7
8,1794,4
12,1794,5
11,1794,1
1,1794,4
1,1795,6
14,1795,2
9,1796,3
4,1796,5
11,1796,3
3,1796,10
5,1796,9
9,1797,3
13,1797,2
11,1797,7
9,1798,2
2,1798,10
5,1798,2
3,1798,8
2,1799,5
9,1799,2
8,1800,3
12,1800,7
2,1800,2
4,1801,9
3,1802,1
1,1802,6
11,1803,9
8,1803,3
13,1803,1
10,1803,7
2,1804,9
11,1804,10
7,1804,1
1,1805,3
13,1805,4
7,1805,3
6,1805,9
12,1806,8
14,1806,9
15,1807,10
7,1807,4
11,1807,1
1,1807,5
3,1807,9
14,1808,2
3,1808,7
3,1809,4
11,1809,5
5,1810,5
11,1810,9
9,1810,7
12,1811,7
15,1812,7
10,1812,10
10,1813,6
9,1813,9
15,1813,5
15,1814,2
14,1814,1
4,1814,3
11,1814,7
12,1814,6
8,1815,9
12,1815,8
10,1815,8
5,1815,2
2,1816,8
9,1816,6
4,1816,3
3,1816,6
1,1816,4
7,1817,10
4,1817,8
6,1817,2
1,1817,4
8,1818,8
3,1818,1
9,1818,5
6,1818,2
11,1819,4
9,1819,8
10,1819,6
3,1819,8
10,1820,5
7,1820,8
7,1821,9
15,1821,4
4,1821,4
5,1821,9
12,1821,8
9,1822,3
2,1822,4
4,1822,10
13,1822,3
4,1823,9
14,1823,2
9,1823,7
10,1824,2
15,1824,3
2,1824,2
11,1825,7
4,1825,8
3,1826,1
14,1826,2
9,1826,1
13,1826,3
12,1826,6
13,1827,3
1,1827,8
14,1827,6
4,1827,7
11,1828,3
14,1828,7
1,1829,10
7,1829,3
8,1829,3
6,1829,5
15,1830,9
3,1830,4
14,1831,4
15,1831,9
14,1832,4
7,1832,4
15,1832,4
13,1832,9
5,1833,8
4,1833,2
9,1833,8
3,1834,2
12,1834,6
5,1834,6
15,1835,1
13,1835,5
7,1835,6
1,1835,4
10,1836,6
5,1836,6
9,1836,8
6,1837,7
15,1838,5
2,1838,5
3,1838,5
6,1838,1
13,1839,3
4,1839,7
15,1839,4
8,1840,8
9,1840,8
6,1840,3
1,1840,5
15,1840,4
3,1841,4
7,1842,4
3,1842,1
15,1842,4
6,1842,2
2,1842,4
15,1843,10
3,1844,5
2,1844,9
15,1844,2
1,1844,2
11,1845,3
2,1845,5
3,1846,8
7,1846,6
1,1846,2
10,1846,3
9,1846,1
3,1847,8
5,1847,3
4,1847,7
12,1847,10
13,1847,9
10,1848,9
6,1849,1
13,1850,8
14,1851,9
8,1851,3
9,1851,8
6,1851,4
2,1852,8
14,1852,8
11,1852,8
5,1852,4
6,1852,8
5,1853,2
15,1853,3
11,1853,5
13,1853,2
1,1853,10
8,1854,9
4,1854,3
10,1854,10
9,1854,5
1,1855,10
14,1856,3
4,1856,8
14,1857,7
6,1857,5
11,1857,4
12,1857,8
4,1857,9
15,1858,3
2,1858,10
2,1859,6
1,1860,7
14,1860,4
12,1860,9
12,1861,5
4,1861,8
2,1861,8
14,1861,4
3,1861,5
8,1862,4
10,1862,5
5,1862,10
15,1862,4
9,1862,7
5,1863,1
2,1863,7
2,1864,9
1,1864,8
13,1864,6
12,1864,8
9,1865,10
3,1865,8
2,1865,5
3,1866,5
15,1866,8
7,1867,10
6,1867,8
10,1867,2
3,1868,4
11,1868,8
14,1868,9
13,1868,4
2,1869,5
14,1869,1
7,1869,3
3,1869,2
9,1869,9
15,1870,10
13,1870,5
7,1870,3
12,1870,10
9,1871,9
10,1871,2
8,1871,4
12,1871,8
7,1871,5
13,1872,1
1,1873,7
4,1873,4
13,1873,8
13,1874,9
5,1875,2
7,1875,10
11,1875,2
15,1875,10
14,1875,4
12,1876,6
9,1876,5
5,1877,1
14,1877,2
7,1877,6
15,1877,6
1,1878,9
2,1878,5
3,1878,5
7,1878,3
8,1879,7
14,1879,1
10,1879,1
6,1879,10
4,1880,7
9,1881,1
14,1881,7
1,1881,4
3,1881,5
13,1881,2
2,1882,4
15,1882,10
10,1882,7
1,1882,7
2,1883,7
4,1883,6
3,1884,8
8,1884,8
11,1884,1
4,1884,8
13,1884,9
13,1885,8
12,1885,10
3,1885,2
14,1885,7
2,1885,4
2,1886,2
1,1887,2
4,1887,6
13,1887,3
11,1888,5
7,1889,10
1,1889,5
15,1889,8
12,1889,10
6,1890,1
11,1891,2
14,1891,7
7,1891,9
13,1891,5
1,1892,8
14,1892,9
15,1892,2
14,1893,3
8,1893,8
12,1893,5
13,1893,6
1,1893,3
11,1894,8
2,1894,7
3,1894,5
10,1894,8
15,1894,8
11,1895,5
13,1895,7
2,1895,5
3,1895,1
12,1895,3
6,1896,8
1,1897,3
7,1897,3
1,1898,4
5,1898,1
14,1898,10
9,1898,8
10,1898,9
1,1899,3
14,1900,8
4,1900,3
2,1901,6
7,1901,2
12,1901,7
13,1902,4
10,1903,7
13,1903,3
4,1903,7
12,1903,1
4,1904,1
12,1904,5
11,1905,5
3,1905,6
9,1905,4
6,1905,5
2,1905,8
8,1906,5
14,1906,5
2,1906,4
4,1906,2
3,1906,10
7,1907,4
8,1907,7
13,1907,2
10,1907,4
12,1908,10
1,1909,9
3,1909,1
11,1909,10
8,1910,6
6,1910,9
12,1910,5
11,1911,9
12,1911,8
9,1911,6
4,1912,9
10,1912,2
12,1912,2
3,1912,2
14,1913,8
6,1913,2
13,1913,9
4,1914,8
15,1914,2
5,1914,7
6,1914,10
11,1915,8
4,1916,1
15,1916,10
13,1916,8
10,1916,10
12,1917,4
12,1918,4
13,1918,1
14,1918,6
10,1919,6
1,1919,3
7,1919,2
2,1919,3
7,1920,2
10,1920,7
1,1921,2
3,1921,3
5,1921,5
10,1921,9
13,1922,7
1,1922,5
15,1923,2
3,1923,8
13,1924,1
3,1925,8
10,1925,2
14,1925,3
8,1926,1
15,1927,9
7,1927,4
3,1927,4
14,1928,9
9,1928,9
13,1929,1
12,1929,8
3,1929,6
1,1929,2
12,1930,1
10,1931,4
13,1931,4
12,1931,8
4,1931,8
11,1931,6
12,1932,2
1,1933,8
14,1933,8
6,1933,9
3,1933,9
2,1933,10
2,1934,4
11,1934,4
10,1934,10
4,1935,1
2,1935,2
1,1935,1
5,1936,3
13,1936,9
7,1936,8
8,1936,6
12,1937,8
12,1938,2
9,1939,9
12,1939,8
12,1940,5
4,1940,3
2,1941,10
14,1941,1
11,1941,7
10,1942,10
12,1942,10
2,1942,1
2,1943,6
13,1943,4
3,1943,3
11,1943,4
8,1943,6
12,1944,6
10,1945,3
1,1946,3
6,1946,10
11,1946,5
11,1947,1
5,1948,9
6,1948,6
4,1948,7
10,1949,9
12,1949,3
11,1950,3
8,1950,4
3,1950,7
3,1951,4
13,1951,6
1,1951,9
9,1951,7
6,1951,7
14,1952,8
9,1952,10
5,1952,10
15,1952,4
13,1952,3
10,1953,4
9,1953,9
6,1953,8
3,1954,5
15,1954,9
5,1954,1
11,1954,10
7,1954,2
3,1955,1
9,1956,7
8,1956,7
12,1956,5
6,1956,2
2,1957,10
11,1957,2
10,1957,3
14,1957,8
2,1958,4
5,1958,4
9,1959,3
5,1959,5
15,1959,6
2,1959,3
8,1960,1
4,1961,6
13,1962,2
1,1963,8
8,1963,3
6,1963,2
15,1963,10
7,1963,6
8,1964,1
2,1964,1
12,1964,1
